<?xml version="1.0" encoding="UTF-8"?>
<project-private xmlns="http://www.netbeans.org/ns/project-private/1">
    <editor-bookmarks xmlns="http://www.netbeans.org/ns/editor-bookmarks/2" lastBookmarkId="0"/>
    <open-files xmlns="http://www.netbeans.org/ns/projectui-open-files/2">
        <group>
            <file>file:/C:/Users/Dariush/Documents/NetBeansProjects/RojaFam/src/LoginForm.java</file>
            <file>file:/C:/Users/Dariush/Documents/NetBeansProjects/RojaFam/src/Vam.java</file>
            <file>file:/C:/Users/Dariush/Documents/NetBeansProjects/RojaFam/src/MainForm.java</file>
            <file>file:/C:/Users/Dariush/Documents/NetBeansProjects/RojaFam/src/VamShow.java</file>
            <file>file:/C:/Users/Dariush/Documents/NetBeansProjects/RojaFam/src/Bestankari.java</file>
            <file>file:/C:/Users/Dariush/Documents/NetBeansProjects/RojaFam/src/ChangePassword.java</file>
            <file>file:/C:/Users/Dariush/Documents/NetBeansProjects/RojaFam/src/manageCustomers.java</file>
            <file>file:/C:/Users/Dariush/Documents/NetBeansProjects/RojaFam/src/Profile.java</file>
            <file>file:/C:/Users/Dariush/Documents/NetBeansProjects/RojaFam/src/VamEdit.java</file>
            <file>file:/C:/Users/Dariush/Documents/NetBeansProjects/RojaFam/src/Settings.java</file>
            <file>file:/C:/Users/Dariush/Documents/NetBeansProjects/RojaFam/src/AddCustomerForm.java</file>
            <file>file:/C:/Users/Dariush/Documents/NetBeansProjects/RojaFam/src/customer.java</file>
        </group>
    </open-files>
</project-private>
